{"joint_error": 0.35586779588969536, "joint_error_perframe": 0.057759550332000205}