{"joint_error": 1.087441308952674, "joint_error_perframe": 0.07376833170885032}