{"joint_error": 0.6166817161901478, "joint_error_perframe": 0.06328600237747847}